Subject;SRTCRT_P1_S1;SRTCRT_N1_S1;SRTCRT_P2_S1;SRTCRT_N2_S1;SRTCRT_P3_S1;S_P1_S1;S_N1_S1;S_P2_S1;S_N2_S1;S_P3_S1;P_P1_S1;P_N1_S1;P_P2_S1;P_N2_S1;P_P3_S1;SRTCRT_P1_S2;SRTCRT_N1_S2;SRTCRT_P2_S2;SRTCRT_N2_S2;SRTCRT_P3_S2;S_P1_S2;S_N1_S2;S_P2_S2;S_N2_S2;S_P3_S2;P_P1_S2;P_N1_S2;P_P2_S2;P_N2_S2;P_P3_S2;PC;PS;M;C;APMeven;APModd
1;-1.7238465523707;-.550346491494247;3.85068059195643E-005; ;1.76021014180953; ; ;1.74814875940832; ; ;-.888260388121858;-.147155831128341;-1.20607227534672; ;.226469453776975; ; ; ; ; ;-1.60853227423648;-2.34483350910792;-.449830089972839; ;1.63456081962422;.3881283935851;-.792102454855016;-.401960871743706;.324260414143912;.962350386375271;-1.02319760362412;-.217777602877221;-.428041966580242;.139389140129656;-2.62566940934443;-1.75972790403407
2;.139532175794602;.697344577170246;.753385657831864;.824653552685014;1.34605677080351;-2.00839670892179;-.69477307906219;-.81441900861134;.504587960046619;-.023639858308255;-.781099851194811;-.166124558605106;.85534186491858;.193666442831045;-.857103348730935;-1.10988152985575;-1.30266802886086;.12510657712168;.291217345293506;.260057062177654;.52552353629048;-.204134395083345;.425126912067733;-.490971692389218;.681377289273878;1.1878966222817;1.28675564761716;.250980446747294;.447448828936418;.669362025381827;.706239095035298;.0295828998659175;.189092252306919;-.401228679993338;-.633291537755162;-.340592497554981
3;-1.90736112408395;-.249179681816611;.165155690592428;2.26835274723906;2.3189264819403;.221208562724547;-.69477307906219;.594015184498702;.964309113442603;-.349336619254696;-.566778777340715;-.166124558605106;1.97003247409908;2.04199179195541;-.0788466397473532;-1.12760642012465;-.738383811803812;1.7735697109603;3.07677456114441;2.32154111025527;-.0424106713497595;-2.05554984505054;1.6193249824204;1.5970396412227;1.40448203643621;-1.23245459614223;-1.65076123631092;.152049943945628;.772218286116661;1.23536226821007;-1.73359897225625;-2.46615158674541;-1.61206111982403;-1.77630811631732;-1.20254235820924;-2.61120914792152
4;.478328308188292;-1.10965628089557;-1.15578177969964;-.607014815247746;-.763781156963024;-1.08538807496067;-.165440627840594;-.804638215603631;-.930059087620155;-1.09378635856085;.45124632346624;-1.00074856758277;-1.02283546287869;.465478994172863;.699410069236229;-1.05670685904905;-2.68202944833364;-.289476965520368;-.958062860603264;-1.22262569547817;-1.16106895912599;-2.65340275076912;-.958251050618035;-1.07012812069034;-.789483503249499;-.18012797943617;-1.19883556186044;-1.29233539695871;-1.13160266976752;-.449320807502232;.0272504199326574;-.673028304440008;-.164623984311999;-.676356825917138;1.07446092360707;1.0785429089241
6;.746541912999964;.50373734237748;.887543369658401;-.312259563026296;-.521540505997237;.616783691565027;.200050826574318;1.1613011789458;.457030599350483;-.158571373557494;-.379247837718381;.554687085511965;1.09965761487595;-.689724349029864;.86104800110205;-1.60617845738495;-1.51166218332643;-1.13838612426361;-1.19441316982698;-.723112253059361;-.455453731451752;-1.93983637942759;1.6193249824204;-.932959492934808;-.390954182370259;.598593716926311;.066556326600884;1.79429629045329;-.0453048302336065;.509550192112675;-.846026266584761;-.180708983393681;-.251947160813541;-.858663540151664;-1.20254235820924;-.624419578850798
7;.675959385417944;1.47177351634131;-.278596740833813;2.12398282778365;1.8227238581878;1.80350907808647;1.12008103941185;-.0612979470177752;.560071547525446;-.279544456194744;1.87112343774963;1.37034236701286;-.137190869283231;.72370091794759;.244429223984289;-1.85432692114955;.202089883291265;-.121669341117634;1.99631600469315;1.0767218966084;-.455453731451752;-1.49626809453962;.235947019734636;.568274933056246;.570446447379657;-2.03222282483883; ;-.00623886053703898;.649029871324155;.163291220029514;-.235459306700527;.0147937665625213;-.482080410149725;-.150641668988048;-.0640407173010846;-.340592497554981
8;.760658418516367;2.69795267002883;1.44481386493787;.0667114755441408;.478678956055046;-.270263567046958;-1.91097740151181;.946123732776213;.12412907447753;-.284197267065408;1.56303689408436;1.18065509224521;.320901161886836;.356753973636135;-.246471161682279;1.76155069370603;2.20843376616076;1.29975994794082;.308099510238057;.680282656593475;.680414683828727;1.78228009811063;.472421885151006;.0196004220341357;.574554997079443;1.12475702527934;1.42233334995231;.666488558514294;.369056201341186;1.09552691409956;-.430292906153756;.202191026256676;-.60426937119521;.452277739852506;.505210103152993;-.624419578850798
9;.252464219925831;.245594362653791;-1.32089896348615; ;-.240228782295033;-.0664824400685286;-1.31232760548739;-.178667463110279; ;.762685178833868;.0493943099898108;-1.13352965992012;.259822224397493; ;.11272424246399; ; ; ; ; ; ; ; ; ; ; ; ; ; ; ;-.32317424664087;.50816850458864;-.826113257778132;-.394616760839138;.505210103152993;.227061665036653
10;-.248671725906502;-.0770843620008189;.691466713911923;.283266354727247;1.4476415599182;.508899565517623;1.22090626821597;1.78727193143915;1.30513686509825;.506780580947378;.478036457698002;-.488592925710112;1.86314433349273;1.10423848982613;.843088230894736;-.471785480175357;-.0382533943441443;.470592862656721;1.66430009411698;.505849390986908;-.834076536545245;.027292536162555;1.28826017083749;.263455760266185;.570446447379657;.661733313928675;.382904298716216;1.02263836860029;.996197222103035;.649385546223183;-.23305351774576;-.696371928895484;-.687831325742703;.0637851311202352;-.633291537755162;.227061665036653
11;.379512769573465; ;-1.08354301179304;-1.2326177995545;-.615311080564639;-1.05542026216973;.389098130582031;-1.0002540757578;-1.75438667301985;-.940243599828954;.638777263088574;.0994376260696042;-1.23661174409139;-.241233639315864;-.875063118938249;-1.41120466442705;-.738383811803812;-.901481242753868;-1.41950870242099;-.849972809864137;-1.55690189172373;-.811630089603831;-.958251050618035;-1.03202572409158;-.781266403849926;-1.5060595164858;-1.0632578595253;-1.31212149751904;.817014073313936;-.535885550523023;-.016539994040374;.0708179380080907;-.306159056279418;.24388433743165;.220584692925954;.227061665036653
12;.0830661537289861;.138034787768922;.774025305805177;-.546860682141328;-.951322306097828;-.228308629139634;-.972042458273503;.760288665629748;-1.4214851481469;-.0282926691789182;-.164926763864285;.34603108326755;.183473552535816;.397525856337408;-.91696924942198;1.14117953429453;.118492221505035;-.52638184703011;-.823005541046857;-.588322911454286;-.455453731451752;-.0498497742527454;-.709952441930846;-1.03964620341133;-.243046393177964;.240802667246252;-.656524752519874;.468627552910961;-.773236372189324;-.469297286660876;-.0698136440115296;.247578759517191;.460317021016863;.813970803062887;-1.20254235820924;.51088874633247
13;1.22650310055769;1.47177351634131;-.361155332727067;-1.17246366644808;-1.68585847354247;1.1801785720348;1.08227157861031;-1.43060896809698;-1.50867364275648;.00427700691572569;.424456189234478;1.21859254719874;.351440630631507;-.268414894450046;-.779277677832577;1.01710530241223;1.41425597919158;.895047442028342;-.395324029118233;-1.54770587229041;-.851286664049495;-.41627574872542;.141357073568088;-.978682368853317;-.752506555951425;.893245169604007;1.19637051272707;.369697050109294;-.213289032223387;-1.39487415434471;.949211078218144;.949604207304716;.890961262783918;-.0771344392032955;.789835513380032;1.36236999021992
14;-.368662022795934;2.24620245551238;.650187417965296; ;-.959136520645111;-1.33711770240461;-.820804615067332;-2.38912668285243; ;-1.5962899325925;.504826591929764;-1.3611543896413;-2.48872996262291; ;-1.65331982792183; ; ; ; ; ; ; ; ; ; ; ; ; ; ; ;.701032114851352;1.02775174515755;1.23518922592802;.390606709895738;1.07446092360707;-.624419578850798
15;-1.59679800272306;-.313715426747533;-.629470756380143;-.739353908081868;-1.21700560070546;.98838457017275;-1.02245507267556;-.95135011071926;-1.22332947857966;-1.35899657818866;-1.86610028758117;.49778090308167;-.305157947378922;-1.34207447225023;-1.04867423094228;-.666759273133255;-.529389657338239;-.52638184703011;-.924298530714162;-.294957873843242;-.59313475148575;-1.07198538725547;-1.17107842949277;-1.08536907932984;-1.54545664801012;-1.86385056616586;-.611332185074827;-.401960871743706;.0666846377595808;-.562520856067881;.298669240760887;.166857789809374;-.400774333811837;.372589211145659;.220584692925954;.227061665036653
17;.407745780606273;.600540959773863;.691466713911923;-.426552415928491;-.123015564085781;.652745066914161;.994049503406712;.281029808252026;.171686435173666;-.642463704106493;-1.33029760294593;-.602405290570702;.336170896259171;-.241233639315864;-.414095683617204;-1.02125707851125;-.215898425639881;-1.00019161004959;-.586655231823143;-.715183468259063;-.0940410538625086;1.26156950280735;.389655682255277;-.300459709395429;-.972313964889974;1.77719952763709;.699252270831547;.488413653471294;-.0341058834342878;-1.06193283503398;1.01377710943786;.851548167516153;.159726828444569;.730529178666786; ; 
18;.817124440581983;-.83000138619491;-.350835508740411;-.342336629579505;-.3027424986733;.676719317146918;.77979589219797;-.467200856837683;-.177067543264666;-1.47531684995525;-.673939314267763;-2.08196603375837;-.228809275517244;-1.64106827872623;-1.37793668474302;.609432826227535;.0766933906119212;-.348703185897804;-.51912657204494;-.334601797844735;-.739420835271872;1.28085508041118;.176828303380544;-1.25301962436437;-1.23320687082638;.57754718459219;.292519163826121;-.718538480709039;-.874026893383192;-1.05527400864776;.795688898035092;.184335218026945;.445822140826453;.270800587345464;1.35908633383411;.794715827628287
19;.915939979196809;-.657906066379117;1.12489932135151;-.414521589307208;.150481945069141;.652745066914161;.225257133775346;1.17108197195351;-1.00139512866436;.958103235401733;-.794494918310692;.118406353546369;.763723458684567;.0577601671601356;1.12445796414265;-1.18078109093135;-.29949608742611;2.52376850240782;1.43920456152297;1.16393852941168;-.834076536545245;-.994843076840169;1.6784436987745;-.384284981912696;1.20727165084648;.261849199580373;-1.10845042697035;1.27985767588463;-1.01961320177434;.636067893450754;-1.07050800362521;-.646804148408028;-.615530292688249;-.496520622645039;-.348666127528123;-.0567654162591637
20;1.22650310055769;.288618192607739;1.80600770447085; ;.0488971559544563;.508899565517623;.502526512986659;-.413406495295286; ;-.0469039126615717;1.22816021618734;.478812175604905;-.51893422859162; ;-.581720205552129; ; ; ; ; ; ; ; ; ; ; ; ; ; ; ;-.123102562319217;.2634219724148;.0416912466546685;-.20404166117188;.220584692925954;.227061665036653
21;-1.38505041997701;-1.40006713308472;-1.52729544321928;-.149843403638966;.212995661447409;-.533980319607277;-2.44661142953366;-1.1078427988426;-1.23125570536235;.0414994938810335; ; ; ; ; ;-2.56332253190554;-1.38626569064709;-.417800443004811;.617605867554824;.807143213398251; ; ; ; ; ;-1.63233871049053;-.611332185074827;-1.21319099471737;.33545936094323;-.888803348992398;.0401203193463677;-.925643787491677;.30721814415975;-.63070746810985;1.35908633383411;1.64619707151574
22;.817124440581983;1.50404138880677;-1.51697561923263;.0306189956802896;-1.36547567710385;-1.46897607868477;-.946836151072474;-3.32808281159246;-.177067543264666;-1.15892571075014;-1.77233481777;-1.81640384908366;-2.97736146253765;.547022759575408;-1.56352097688526;-.436335699637557;.0139951442722494;.69762670743689;-.0464259535975132;-1.36534382188354;.267371623726735;.798715640315554;-1.78591307957533;-.727206551301516;-1.56189084680926;-.495825964447987;-.566139617629779;1.41836037980696;.458647775735736;-1.24837997384799;1.31044079641189;.867694152211795;.9190930432348;.566482942756332;1.07446092360707;1.64619707151574
23;.633609868868733;.181058617722869;-.134119205020619;-.594983988626463;-1.17793452796905;-.881606947982244;.691573816994371;.0854139480978541;-1.1916245714489;.334626578732831;.45124632346624;.554687085511965;-.946486791017016;-.648952466328591;-.0668734596091443;-.702209053671055;.411084037756836;-.210508671683787;.156160025737098;-.294957873843242;1.21392863646047;-.10770650706422;-1.31296334874259;-.170911560959653;-.0704873057869537;-1.12722193447162;-.430561915294637;.0135472400232943;.391454094939824;-.00983826601206629;-.0599300465735718;-.512634917366903;-.411411419844953;.131225574062042;-.0640407173010846;-.908246660146614
24;1.21238659504129;.310130107584713;-.505632868540262;-.0295351374261285;-.0136165604238119;.712680692496052;.767192738597457;1.13195879992268;.639333815352339;.809213287540502; ; ; ; ; ;.857581289992132;.160291052398149;-.398058369545666;-.215247603043023;.00633594856810219;.680414683828727;-.396990171121594;1.19367022467094;1.20077471659562;.204785524098706;.493361055255706;.156941461490979;1.39857427924663;.525841456531649;.236538310277875;.0778275768367545;-.502030498939732;-.162006677455311;-.535752283841743;.220584692925954;-.0567654162591637
25;.139532175794602;-.141620106931741;-.340515684753754;-.534829855520044;-1.56864525533322;1.44389532459512;.741986431396427;-.3155985652182;-.0740265950897037;-.996077330276915; ; ; ; ; ;-.329986358024158;-.132300763853652;.0658803567442447;-.53038134867464;-1.43670288508623;.164110858701237;-.531989214348369;-.721776185201665;-1.19967626912611;-1.5208053498114;.261849199580373;-.566139617629779;-.659180179028039;-1.07560793577093;-.915438654537257;-.106540168950642;.49189755580116;.507482855063266;.874184862883441;-1.20254235820924;-2.04355498532988
27;-1.90736112408395;-.485810746563325;-.70170952428674;1.12542421821711;-.513726291449953;1.3479983236641;.326082362579459;1.01458928383017;.464956826133173;1.46525962030405;-1.06239626062831;-1.19043584235042;-.610552634825633;.0441695395930447;.645530758614288;-.524960150982056;-.132300763853652;2.35596087800508;1.60802621096848;2.50390316066213;.336212133743733;.0658636913702044;.11770958702645;1.47511197210668;.307499266593355;.346035328916858;-.882487589745111;.983066167479628;1.67933297686148;.309785400526236;-.637522515291096;-.703172951251796;-.665939397322732;-.806215209808878;-2.3410439991174;-2.3273820666257
28;-.0580989014350514;-.0125486170698968;-.742988820233368;-.342336629579505;.25988094873111;-1.00147819914603;-1.46356544869356;-.912226938688425;.980161567007981;1.57227427032931;-.0979514282848801;.175312535976664;-1.02283546287869;-.118917991212046;.23245604384608;-.365436138561958;.181190467844707;-.506639773570964;-.35030492259943;.0776950117707888;.353422261247984;.605859864277304;-1.34843457855505;1.26935903047339;.640291792276018;-1.69547830749289;-.114213943179306;-1.17361879359671;-.0677027238322439;.229879483891661;.0491824634427975;.235299501832961;.300047783474752;.45074714431838;-.0640407173010846;-.340592497554981
29;.760658418516367;.439201597446558;-.794587940166651;-1.00403209375011;-.927879662455977;1.0722944459874;.6285580489918;-.159105877094862;-1.01724758222974;-.493573756245263;1.34871582023027;.45984344812814;-.778519712921325;-1.32848384468314;-.414095683617204;.822131509454333;.222989298737821;-.348703185897804;-1.14939406330817;-.120524608236675;-1.02338793909199;.779430062711729;-.0478228187650088;-1.39780873143965;-.805917702048642;.724872910931038;.202134028936026;-.619607977907372;-.672445850995455;-.828873911516467;.354584720114003;-.470503251588048;.516670071586739;-.614373065750769;1.35908633383411;1.36236999021992
30;-.199263956599089;.955487556893934;.113556570659144;.800591899442447;.912367863429279;-.0425081898357721;-1.22410553028379;.515768840437033;.338137197610143;-.949549221570281;-.888260388121858;.95303036252403;.198743286908151;.0985320498614083;-.438042043893622;1.08800486348783;.891770593027654;-.694189471432844;.122395695847996;-.453533569849212;-.231722073896506;1.12657045958058;.448774398609369;.316799115504445;.488275453383938;.95638476660637;.699252270831547;.389483150669628;.189873052552087;-.0164970923982809;.852113464556965;.252552626690105;.458886190435886;-.0229219358145536;1.35908633383411;.227061665036653
31;-.0722154069514549;-.937560961079779;-.464353572593635;.403574620940085;.806875967040952;.964410319939994;.300876055378431;1.55253289925415;-1.1916245714489;-.018987047437591;.946863806753837;.34603108326755;-.534203962963956;-1.65465890629332;-.563760435344816;.893031070529932;.0557939751653633;1.2701468377521;2.53654528291878;.156982859773773;-.059620798854009;1.18442719239205;.720720493838195;.14152809115016;-.304674638674754;.324988796582737;-1.42479839908568;.250980446747294;-1.09800582936957;.0833853033949386;-.963538738334614;-.590460060881755;-.630016730168463;-1.1665456610771;-.348666127528123;-.908246660146614
32;-.156914440049878;-1.75501373020479;-1.34153861145946;-.703261428218017;.244252519636542;.00544031062974039;.174844519373289;-1.26433548696594;2.28006275936904;-.223710725746783;.893283538290313;.0615001711160741;-1.38930908781475;-.17328050148041;.154630372947721;-1.55300378657825;-.947377966269385;-1.27658063847763;-.620419561712245;-.271171519442346;-1.14385883162174;-2.05554984505054;-1.53761447088814;-.384284981912696;1.4065363112861;.261849199580373;-.611332185074827;-1.66827130760504;-1.36678055255322;.795879726719905;-.1470647232549;.778158089576688;-.213294860327258;-.342513728480347;-.348666127528123;.51088874633247
33;1.41001767227094;-.270691596793585;1.42417421696455;2.94207903803095;1.45545577446548;-1.58884732984856;-1.56439067749767;1.41560179714623;1.64992773014523;.229938334142903;1.85772837063374;1.25653000215227;1.25235495859931;1.02269472442359;2.18408440637414;-.0641130039906598;.327486375970608;2.47441331875996;2.57030961280788;2.48011680626124;-.162881563879507;-1.55412482735109;-.662657468847573;2.67914770462742;1.17440325324819;.788012507933401;.699252270831547;2.28894880446163;1.5113487748717;2.70030407317729;-1.10517448582785;-.789296729424464;-.356720720512652;-.591434728612478;-.917916947982201;-.624419578850798
34;.252464219925831;.546761172331427;-.722349172260054;-.414521589307208;.697476963378983;-.797697072167596;-1.26191499108533;-1.81205989539762;-.557526428833755;-.167876995298822;.933468739637956;.327062355790784;-.65636183794264;-1.30130258954895;-.420082273686308;.325834581925137;.557379945882737;-1.40490411596207;1.63053576422788;.0856237965710869;-.507084113964501;.181577156993154;-1.19472591603441;.842612188567302;-.608707316458916;.430221458253342;-.0238288082892108;-.599821877347039;.716223552120067;-.0298147451707102;.350096673747323;.406744321045994;.240379669438719;.450422786163948;.789835513380032;.51088874633247
35;.95828949574602;-.851513301171884;-.433394100633665;-.101720097153831;.330208879656661;.413002564586598;.338685516179974;-1.20565072891968;.900899299181088;-.456351269279956;1.05402434368088;.402937265697845;-.885407853527674;.42470711147159;-.444028633962726;-.0641130039906598;-1.01007621260906;-.378316296086521;-.260266709561825;-.691397113858168;-.954547429074993;-.0305641966489199;-.627186239035117;.164389529109415;-.0828129548863116;-.0748953177655643;-.882487589745111;-1.05490219023471;.313061467344593;.00347938676036298;-.555865622367831;-.458123843209546;.333799026890498;.951935192645429;.505210103152993;.227061665036653
36;-1.14506982619814;1.02002330182486;2.05368348015062;-.342336629579505;-.365256215051568;1.46786957482788;.817605352999513;1.1613011789458;-1.21540325179697;.557961500524676;-.647149180036001;.83921799766344;-.305157947378922;-1.62747765115914;.723356429512647;-.897182846628953;-.0696025175139802;1.15169439699723;-.237757156302424;-.176026101838764;-1.47085125420248;.837286795523204;.898076642900473;.408244867341464;1.41269913583578;.830105572601643;.744444838276595;.527985854591961;2.02650032764036;.715973810085329;.162243191055461;-.519951787165678;-.715760947197527;-.287713732915789;-.0640407173010846;-.0567654162591637
37;-.0157493848858401;-1.23872777075742;-.918425828006532;.00655734243772258;.150481945069141;.436976814819354;-1.84166005670898;-1.02959645478093;.12412907447753;-1.07052230420753;-.620359045804239;.308093628314019;-1.11445386911271;-.458683680389319;-.473961584308249;-.932632627166752;-.257697256532995;-.516510810300537;-.732967328009252;-.279100304242644;-.266142328905005;-.377704593517769;-1.39572955163832;-.132809164360896;-1.48793695221311;-1.31664072547871;-.972872724635206;-.896613385752039;-.482063755407037;-.742309168495676;.342625405165805;.234037626166194;-.153354851424055;.375503541985091;.220584692925954;1.36236999021992
38;.153648681311005;.138034787768922;-.495313044553605;-.101720097153831;1.18195826531056;.508899565517623;-.228456395843165;.770069458637458;.116202847694841;1.08372912890965;1.01383914233324;.402937265697845;-.198269806772573;.968332214155226;.615597808268766; ;.620078192222409;-.546123920489255;.38125555833111;-.596251696254586;-1.04059806659624;-.319847860706294;.413303168796914;.0348413806736386;.00757513850897944;-.0328022530973221;-1.28922069675054;-.936185586872706; ;.0301146923052215;-.646997094104482;-.855939625538122;-.0726975121047915;.0401781754888565;-1.20254235820924;-1.19207374144243
40;1.69234778259902;1.17060670666367;-.712029348273397;-.546860682141328;-1.22481981525275;-.282250692163336;-1.29972445188687;-.628583941464876;-.0898790486550822;-.195793860522802;1.56303689408436;.87715545261697;-.442585556729942;.248028953099408;-.384162733271681;.662607497034234;1.12166416293978;-.783028801998997;1.41669500826357;-1.0402636450713;-.421033476443252;-1.47698251693579;-.92277982080558;.172010008429166;.471841254584794;.893245169604007;.925215108056784;-.223885966700706;.301862520545274;-.40270902279873;.151943940912715;-.0985099320828652;.511900377209651;.0306370449644583;.505210103152993;.51088874633247
41;.111299164761794;-1.23872777075742;.877223545671745;1.36604075064278;.720919607020833;-1.19327220100808;-1.83535847990872;-.247133014164239;1.30513686509825;.767337989704531;1.13439474637617;.232218718406959;-.0455724630492177;.506250876874135;.843088230894736;-1.48210422550265;-1.36536627520053;.0461382832850998;3.46506435486908;.371060049381833;-1.16106895912599;-.975557499236343;-.426182603431201;1.52845532734494;.911456072461892;-1.1061754021375;-1.1536429944154;.349910949548961;.593035137327561;.589456108747251;-.120936197887827;-.0768014985382553;-.760648661091512;-.141402571369753;-.917916947982201;-1.75972790403407
42;.111299164761794;-.43203095912089;.897863193645058;-.835600521052137;-.966950735192395;-1.4569889535684;-.745185693464247;.730946286606622;-1.36600156066807;.0508051156223607;1.41569115580967;.5357183580352;-.320427681751258;-1.30130258954895;.172590143155035;-.135012565066259;-.0487031020674232;.776595001273471;.606351090925124;.585137238989893;-.971757556579243;.297290622616104;1.0399615621503;.629238767614259;.213002623498278;-1.04303580513514;-.701717319964922;.468627552910961;.525841456531649;-.369414890867657;8.91614488297512E-005;-.0572066901692046;-.187462199054268;-.543405829534444;.220584692925954;.227061665036653
43;-.87685622138647;-.593370321448195;-1.0216240678731;-1.07621705347781;-.154272422274914;-.617890195421924;-.505725775054477;-.873103766657591;-.62093624309527;-.512184999727917;.58519699462505;.34603108326755;-.0608421974215533;-.676133721462773;-.390149323340786;-1.83660203088065;-1.32356744430742;-1.75039040149711;-.631674338341946;-.596251696254586;-.661975261502748;-1.45769693933197;-.508948806326932;.324419594824198;-.789483503249499;-2.68466532719658;-.249791645514448;-.322816469502372;-.493262702206356;-.342779585322798;.466790168153098;.341750898065646;-.300224252661811;.140794563825023;.505210103152993;.51088874633247
45;-1.15918633171455;-1.78728160267025;-.0722002611006781;.559975367016772;-.490283647808103;1.46786957482788;.666367509793342;-.95135011071926;.441178145785105;.609142420101974;1.3219256859985;.49778090308167;-.580013166080962;.57420401470959;.292321944537124;.751231948378733;.348385791417164;-.279605928790795;.0998861425885953;-1.563563441891;.749255193845726;.432289665842879;-.958251050618035;.682582122852519;-1.03599648523666;.240802667246252;-.520947050184732;-.678966279588372;-1.08680688257025;.682679678154256;.619509560304322;.687762023405398;-.0272849738402197;-.0419312326947541;.505210103152993;.51088874633247
46;-.199263956599089;-.808489471217935;2.13624207204387;1.19760917794481;1.09600190529044;-.701800071236572;-2.87511865195115;-1.16652755688885;1.57462857570968;-1.01003576288891;.893283538290313;.0425314436393091;-.121921134910896;-.159689873913319;-.174632080853025;.467633704076336;-1.19817095162807;-1.01006264677917;.0548670360697925;-.78654253146175;.284581751230984;-1.01412865444399;-.769071158284939;.255835280946434;-.226612194378821;-1.06408233746926;-3.18730852944253;-.461319173424706;-.0341058834342878;-1.1618152308272;-.317026586720752;-.145753526620587;.142810750419971;.865947624383639;-.348666127528123;-.624419578850798
48;1.31120213365611;1.75142841104197;-.247637268873843;.35545131445495;-.0605018477075127;-.905581198215;1.246112575417;.0658523620824363;.528366640394688;-.702950245425118;1.57643196120024;1.57899836925728;.809532661801574;.791654055783044;-.503894534653771;-1.10988152985575;-2.89102360279921;-.190766598224642;.246198238774703;.497920606186609;-.661975261502748;-.898415188821044;.224123276463817;.362521991422954;-.0499445572880243;-.601058626118592;3.27522861519925;.706060759634961;.727422498919386;-.409367849184945;.8408101688061;-.553933147920933;-.548864128341358;-.387590617823172;1.07446092360707;1.64619707151574
49;-1.62503101375587;-.786977556240962;-1.30025931551283;-.270151669851803;-1.84995697903543;-.821671322400353;-.467916314252935;-.8828845596653;-.858723046575951;-.675033380201137;1.16118488060793;.194281263453429;-1.2824209472084;-.730496231731137;-1.19235239260079;-.365436138561958;-.780182642696926;-1.62206692401267;-.429088359007335;-1.70628156829638;-.403823348939003;.644431019484954;-.568067522681024;-.719586071981764;-1.1099503798328;.19870960257801;-.340176780404543;-2.73672073786304;-2.27389524329803;-.928756307309686;.512646941357979;.603593783398433;.173312612012629;.610615090433552;.505210103152993;-.0567654162591637
50;-.707458155189625;-1.01285266349919;-.773948292193338;-.270151669851803;.861575468871936;.520886690634001;.187447672973803;-.8828845596653;-1.05687871614319;.585878365748657;-1.11597652909184;.308093628314019;-.732710509804318;-.961536900371682;1.1903104549028;-.649034382864355;-.257697256532995;.835821221650906;-.552890901934041;-.556607772253093;-.610344878989999;-.0498497742527454;-.43800634670202;-.475730733749715;1.21959729994584;-1.69547830749289;-1.01806529208025;-.698752380148706;-.706042691393411;1.21538578905143;-1.32087140775321;-.506697406460323;-1.02765729025389;-.252001824133583;-1.20254235820924;-.908246660146614
51;.0407166371797748;.00896329790707781;-.887466356046562;-.0535967906686966;-1.03727866611795;-.270263567046958;.502526512986659;-1.14696597087343;.211317569087113;-1.27989879338739;1.12099967926029;.364999810744315;-.900677587900009;.248028953099408;-1.02472787066586;.520808374883035;.515581114989623;-.802770875458142;-.502244407100389;-.968904581868615;1.23113876396472;.335861777823755;-1.31296334874259;.194871446388421;-.641575714057204;.135570005575647;-.927680157190159;-1.05490219023471;-.112498511029519;-.462638460274662;1.05357637829036;.987248244669943;.859608314704649;.394198220452555;1.35908633383411;1.0785429089241
52;.887706968164001;-.743953726287013;1.73376893656426;-.149843403638966;2.18999194191013;1.33601119854772;.691573816994371;1.42538259015394;1.31306309188093;1.93286711280573;.772727934247384;.0994376260696042;1.26762469297164;-.839221252267864;1.53154608884175;-.719933943939954;-.487590826445125;2.02034562919962;-.237757156302424;2.1312502750481;-.5759246239815;.374432933031404;2.16321717287806;1.04074465088084;1.61401807112529;-.306407173440897;-1.0632578595253;1.37878817868629;1.28736983888532;1.94119786514882;-.649217835572978;-.289584287339911;.300279952420814;-.890036771830034;-.917916947982201;-1.19207374144243
53;-.848623210353663;.0304752128840506;-.495313044553605;.535913713774205;1.42419891627635;1.7315863273882;.855414813801055;-.413406495295286;1.13075987587908;-1.69399896087643;.330690719423312;.668499450372555;-.503664494219285;.981922841722317;-1.06663400114959;.201760350042838;-.0696025175139802;-.467155626652675;.257453015404404;.133196505372878;-1.14385883162174;-.435561326329244;-.615362495764298;.58351589169575;-.579947468560414;.95638476660637;.518482001051358;-.500891374545372;.122679371756174;.835832685037193;.576453608633968;.279268257301932;.283209890255861;-.0360688930380855;1.07446092360707;.51088874633247
54;-1.18741934274735;.0197192553955642;.970101961551656;-.330305802958221;.814690181588235;.85652619389259;.540335973788201;1.60143686429269;.972235340225292;1.70720578557855;-.539988643108953;.49778090308167;1.63409831790769;.696519662813408;.358174435297274;.379009252731836;-.780182642696926;-.536252883759682;2.26643064380597;.371060049381833;.026429838667239;.605859864277304;-1.0646647400554;.3396605534637;.86215347606446;-1.46396645181756;-.792102454855016;-.995543888553706;1.73532771085807;-.848850390675111;-.667819298500655;-.00390700878558066;-.669065908952487;-.262848636213606;-.917916947982201;-.908246660146614
55;.266580725442236;.546761172331427;.268353930458995;-.558891508762612;.166110374163708;.568835191099514;1.04446211780877;1.20042435097664;1.25757950440211;2.09804189871428;1.52285169273672;.76334308775638;-.320427681751258;-.105327363644955;1.87278172278071;.0599612278916389;.808172931241424;2.47441331875996;-.71045777474985;1.40576646582079;-.317772711417754;1.26156950280735;1.21731771121257;.514931577817986;1.84409685431331;.724872910931038;.292519163826121;-.421746972304039;.122679371756174;1.68816246247267;-.914952098225084;-.30016596108041;-.229693734373317;-.0858433993727735;-2.62566940934443;-1.75972790403407
56;-1.04625428758332;-.743953726287013;-.0722002611006781;-.318274976336937;.189553017805559;1.32402407343134;.363891823381002;1.27867069503831;-.819091912662504;1.9165822747584;.397666055002717;.251187445883724;1.64936805228003;-1.07026192090841;1.54950585904906;-.560409931519856;.0139951442722494;-.259863855331651;-.282776262821226;1.64759440222989;1.48929067652846;-.26199112789482;1.8085048747535;-.170911560959653;.303390716893569; ; ; ; ; ;-.605635162611;-.511608679858959;-.425123551102585;-.335592356628259;-.633291537755162;-.908246660146614
57;-1.46974945307543;-2.69078203170316;-.47983330857362;-1.22058697293322;-1.11542081159078;1.13223007156929;.754589584996942;-.501433632364663;-1.57208345701799;-1.63351241955781;-1.61159401237943;.0804688985928391;-.870138119155338;-1.15180568631095;-1.02472787066586;-.507235260713156;-.215898425639881;-.79289983872857;-1.45327303231009;-1.42084531548563;-1.66016265674923;-1.80483733620082;-1.20654965930522;-.94820045157431;-1.2866180169236;.324988796582737;-1.0632578595253;-.500891374545372;-1.32198476535594;-.669062078247315;.840581408351518;.48102570444908;.325288666214108;.331485535896142;1.07446092360707;1.0785429089241
58;-1.56856499169025;-.0770843620008189;.340592698365593;.572006193638056;.963160257986622;.149285812026278;1.51077880102779;-1.04915804079635;.940530433094535;-1.08448073681952;1.34871582023027;.820249270186675;-.0150329943045466;.941150959021044;-.198578441129443;-1.30485532281365;-.466691410998568;.243559017876551;.516312877887518;.632709947791684;.319002006239484;-.242705550290994;-.166060251473194;-.902477575655801;-1.51258825041183;.493361055255706;1.19637051272707;.250980446747294;.537040403330967;-.0764265298742127;.365915822776897;-.0146229247163843;.875431589577937;.052791865654654;-.348666127528123;.794715827628287
59;-.792157188288047;-1.17419202582649;-1.05258353983307;-.895754654158555;.0410829414071719;.628770816681405;.162241365772775;-.961130903726969;-1.39770646779883;-1.14496727813815;-.754309716963049;-2.51824676572397;-1.05337493162336;-1.57311514089077;-1.78502480944213;-.755383724477754;-.717484396357255;-.496768736841392;-1.01433674375177;-.99269093626951;-.128461308871008;-.281276705498644;-1.32478709201341;-.338562105994187;-1.30716076542253;-.011755720763201;-1.28922069675054;-1.23297709527771;-1.05321004217229;-1.38155650157228;.669539415394577;1.22015870103945;.530910162189403;.556725248250257;1.07446092360707;.51088874633247
61;.21011470337662;.546761172331427;1.18681826527145;1.79915050900899;1.35387098535079;-1.02545244937878;.363891823381002;-.481872046349246;2.49407088250165;1.79328278668582;-.566778777340715;-2.27165330852602;1.09965761487595;1.51195731683886;1.14241773434996;.644882606765334;.285687545077493;-.249992818602078;2.41837012830692;.196626783775266;.353422261247984;.374432933031404;-.473477576514476;1.26935903047339;1.86874815251202;.830105572601643;.156941461490979;1.35900207812596;.716223552120067;1.68816246247267;-.283853712287419;-.413194165743084;.133388189447815;-.275541815625936;.220584692925954;.51088874633247
62;.788891429549175;.116522872791947;-.825547412126622;-.992001267128825;-2.12345448819035;-1.0134653242624;-1.61480329189973;-1.14696597087343;-1.51659986953917;-1.06586949333687;-.23190209944369;-.754155110384822;-.824328916038331;.261619580666499;-.994794920320338;-.0286632234528598;.160291052398149;-.496768736841392;-.901788977454761;-1.32569989788205;.697624811332977;-.551274791952194;-.910956077534762;-.125188685041144;-.814134801448214;-1.96908322783646;-.294984212959495;-.738324581269372;.537040403330967;-.256214842302008;.187803261320482;.7525148671896;.0382003476962432;.0278145088272612;.505210103152993;.51088874633247
63;-.283962989697511;.353153937538661;-.175398500967245;.0907731287867078;-.951322306097828;.329092688771951;1.246112575417;.00716760403618458;-.86664927335864;-.633158082365166;.411061122118597;1.06684272738462;-.167730338027902;-1.42361823765277;.100751062325781;-.0995627845284598;.599178776775851;-.0328300105514806;-.215247603043023;-.00159283623219722;1.71302233408371;.856572373127029;.425126912067733;-.239495874837417;1.2606827969437;1.86138565697358;.337711731271168;-.144741564459372;-.89642478698183;.676020851768041;.30744327415451;-.132202896406013;-1.21248778109342;.704729189141368;.789835513380032;1.0785429089241
64;1.32531863917252;.0734990428379999;-1.3312187874728;-.246090016609235;-.990393378834245;1.1801785720348;.981446349806197;-.853542180642174;.956382886659913;-.628505271494503;-1.53122360968415;-2.97349622516633;-.65636183794264;.0849414222943174;-1.43780258543407;.866443735126583;1.53965247187093;-.151282451306352;-.406578805747933;-.453533569849212;-.128461308871008;-.204134395083345;-.92277982080558;.48444966053898;-1.63173619170562;1.06161742827698;1.6031036197325;-.421746972304039;-1.04201109537297;-.988685744785618;.193076198455265;.271131527647707;.738584242719648;.386907583671385;.505210103152993;.51088874633247
65;2.0170274094763;1.25665436657157;-.402434628673694;1.67884224279616;-.0526876331602296;1.91139320413387;.943636889004655;.378837738329113;.298506063696697;.02288825039838;-.0979514282848801;1.10478018233815;.809532661801574;.180075815263954;.974793212415035;2.08059871854622;1.39335656374503;-.378316296086521;.279962568663805;1.16393852941168;1.02461723391372;.432289665842879;.496069371692644;-.323321147354684;.278739418694853;1.0826639606111;1.46752591739735;1.41836037980696;.42505093533778;.589456108747251;-.564367885809907;.0904565445838518;-.667648166594518;-.292325477442434;.505210103152993;.227061665036653
66;-1.34270090342779;.116522872791947;-.464353572593635;-.474675722413626;-1.20919138615818;1.38395969901323;.338685516179974;-1.44038976110469;.346063424392833;-.837881760674358;-.526593575993072;.38396853822108;-.747980244176654;-.105327363644955;-.737371547348846;-1.53527889630935;.0348945597188055;-.319090075709086;-.800495987787456;-.738969822659959;.439472898769231;.50943197625818;-.497125063056113;.0881847359118996;-.0787044051865259; ; ; ; ; ;-.170934067074087;.231446991182959;.274156357767664;.0694200427425651;1.07446092360707;.794715827628287
67;.238347714409428;.933975641916959;-.773948292193338;.499821233910354;-.0136165604238119;-.402121943327117;-.215853242242651;-.472091253341537;-.0898790486550822;-.642463704106493;-1.19634693178712;-.754155110384822;-.289888213006587;-.295596149584228;-.791250857970786;.237210130580638;-.194999010193324;-1.29632271193677;.201179132255901;.149054074973475;1.69581220657946;1.04942814916528;-.627186239035117;.00435946339463223;-.505993573964267;.872198637269886;.880022540611737;-.401960871743706;-.0453048302336065;.00347938676036298;.458172079907036;-.0376017350288106;-.397428331530975;.0477409804427424;1.07446092360707;1.0785429089241
68;.84535745161479;-.292203511770559;.206434986539055;-1.02809374699268;.720919607020833;-.114430940534041;.338685516179974;-.59924156244175;-1.40563269458152;-.568018730175878;-.660544247151882;.194281263453429;-1.3282301503254;-1.60029639602495;-1.13248649190974;.0954110084294389;-.215898425639881;.233687981146979;-1.01433674375177;-.0333079754333908;-1.10943857661324;-.994843076840169;-.43800634670202;-1.19205578980636;-1.63584474140541;.135570005575647;-.475754482739685;-1.70784350872571;-.661246904196137;-1.71449782088301;.267991504167168;.912416710657838;-.447532385209675;.652378136248628;-.348666127528123;-1.19207374144243
69;-.580409605541991; ;-.22699762090053;-.185935883502817;-1.05681420248615;.125311561793522;1.0696684250098;-.227571428148822;-.779460778749057;-.679686191071801;-.258692233675452;.95303036252403;-.213539541144909;-.866402507402046;-1.27616465356825;-.436335699637557;.149841344674871;-.0723141574697712;-.260266709561825;-.643824405056377;.026429838667239;-.551274791952194;-.130589021660739;-1.23015818640512;-.510102123664053;.619640249260432;-.114213943179306;.0729055417042943;-.549257436202949;-.602473814385169;.441474574562872;.303546439673436;-.0385021455027962;-.0959514151554742;.505210103152993;.794715827628287
70;-2.09087569579719;-1.36779926061926;.897863193645058;-.414521589307208;1.10381611983772;1.19216569715118;.187447672973803;.329933773290569;1.22587459727135;1.26053594199486;1.21476514907146;.289124900837254;2.8404073333222;1.34886978603377;.531785547301303;.00678655708493937;-.466691410998568;1.19117854391552;-.485362242155838;1.14015217501079;1.09345774393072;-.126992084668044;.578835574588373;1.04074465088084;1.01006126525676;.114523473241526;-1.0632578595253;-.124955463899039;1.29856878568464;1.12216221964442;-.637300158422404;.506436222531011;-.392515182389192;-.114481407612345;-.633291537755162;-.624419578850798
71;-.608642616574798;-2.85212139403047;-1.41377737936606;-2.27929971560618;-1.61553054261692;.389028314353842;.716780124195399;-.227571428148822;-1.69097685875833;-1.58233149998051;-.406037971950143;.668499450372555;.641565583705882;.655747780112135;-2.48545584752735;.609432826227535;2.73091915232469;-1.33580685885506;.1899243556262;-.699325898658466;-.111251181366758;.27800504501228;1.03404969051489;-1.04726668273108;-1.38933175941825;-2.78989798886719;.563674568496405;1.47771868148796;-2.6098636472776;-1.30165058493771;.932163985978205;.173331527878955;.631384032422951;.847810279500068;1.64371174406115;1.0785429089241
72;-1.21565235378016;-.10935223446628;-.495313044553605;2.84583242506068;1.65862535269485;-.426096193559873;.93103373540414;.476645668406198;.274727383348629;.409071552663446;.143159779800978;.592624540465495;1.06911814613128;1.11782911739323;.992752982622348;-2.19109983625864;-1.80425399957823;-.348703185897804;1.50673322130117;1.0846506814087;-.541504368973001;1.16514161478823;-.154236508202376;1.40652765822892;.39377881028886;-.474779432113865;-1.0632578595253;-.263458167821372;-.00050904303633157;.522867844885105;-.4667968504339;.359202219280142;-.363478692445347;-.488220335442182;-.633291537755162;-.908246660146614
73;-1.28623488136218;-.270691596793585;-.515952692526919;-1.06418622685653;-.427769931429836;.688706442263296;-1.61480329189973;-.560118390410915;-.850796819793261;-.581977162787869;-1.38387787140946;-2.1199034887119;-.839598650410667;-2.08955898844023;-.0249673291254129;-.205912126141859;-1.51166218332643;-.407929406275239;-1.17190361656758;-.0650231146345844;-1.91831456931298;-1.68912387057787;.567011831317555;-.475730733749715;-.0951386039856695;.745919443265159;-.249791645514448;-.540463575666039;-1.44517318014845;.32976187968488;-.00837841498440053;-.0258376451422074;-.201138020550148;.194541701921607;.789835513380032;-.0567654162591637
74;1.05710503436085;.245594362653791;.392191818298876;-.763415561324435;-1.70148690263704; ; ; ; ; ; ; ; ; ; ;.130860788967239;-.215898425639881;-.14141141457678;-.744222104638952;-1.11955149307429;-.266142328905005;-1.28412674089754;-.639009982305935;-.871995658376795;-.411496930869189;.535454119923948;-.0690213757342582;-.955971687433039;-.650047957396818;-2.08739209851103;.725554351660021;1.46540844722971;.207233839732739;.114391805969094;.505210103152993;-.0567654162591637
75;-.76392417725524;-1.88408522006664;2.69351256732334;.211081394999545;.861575468871936;-1.70871858101234;-.858614075868875;.926562146760795;.361915877958211;.744073935351214;-1.03560612639655;-1.09559220496659;-.335697416123593;-.893583762536228;1.16037750455727;.963930631605532;-.236797841086438;.806208111462188;.313726898552907;1.79824131343557;-.988967684083492;.239433889804629;.507893114963462;1.38366622026966;1.12510065685076;.851152104935765;.518482001051358;.053119441143961;-.112498511029519;1.33524466400329;-1.09343115886815;-.691647776552002;-.584944021082566;.261699212200149;-2.62566940934443;-1.19207374144243
76;.217172956134822;-.636394151402144;-.268276916847156;.391543794318801;1.5414121344856;1.0722944459874;.363891823381002;.838535009691418;1.32891554544631;1.99568005955968;-.861470253890097;.45984344812814;2.00057194284375;1.49836668927177;1.89074149298802;.361284362462937;-.215898425639881;1.06285506643108;-.361559699229131;.989505263805117;-.988967684083492;-.898415188821044;1.1700227381293;1.23887711319438;.582772096479015;1.0826639606111;.247326596381073;-.876827285191706;.884207754109848;1.42180940702408;-.602418275456092;-1.29703067920276;-1.0553887979453;-.910699416171161;-.633291537755162;-.340592497554981
79;-.269846484181108;-.0770843620008189;-.567551812460203;-.258120843230519;-1.02165023702338; ; ; ; ; ;1.30853061888262;.592624540465495;-.534203962963956;-.227643011748773;.100751062325781;-.347711248293057;-.612987319124469;-.5658659939484;-.271521486191525;-.580394126653988;.439472898769231;-.184848817479519;-.426182603431201;-.308080188715181;-.1156813524846;.76696597559928;.83482997316669;-.382174771183372;.111480424956856;-.276191321460652;.00765077368299691;.395212470061503;.288826549938654;.472729329501476; ; 
80;1.50883321088577;1.53630926127223;-.196038148940559;-.318274976336937;-1.53738839714409;-.953529698680513;-1.16108976228122;.760288665629748;-.438633027093415;-.90767392373431;-1.69196441507472;-2.36649694590985;-1.26715121283606;-1.16539631387805;-1.03071446073497;2.64779520715102;1.91584194990896;-.723802581621562;-.361559699229131;-1.95207389710563;.164110858701237;1.80156567571445;-.840013617909851;-.346182585313938;-1.32359496422167;-2.39001387451889;2.32618469885325;1.31942987700529;-.840430052985236;-.669062078247315;1.16101661713567;.480759870684819;.463596685189703;.753823314359167;1.35908633383411;.794715827628287
81;.238347714409428;.568273087308402;-.134119205020619;-.00547348418356147;.330208879656661;.353066939004707;.893224274602598;1.86551827550082;1.35269422579438;2.02359692478366;1.08081447791265;.68746817784932;1.80206539600339;1.11782911739323;1.53753267891086;-1.35802999362035;.243888714184379;2.74093131045841;-.15897371989452;1.11636582060989;.663204556324478;1.2229983475997;2.38786829502361;.606377329655004;2.27138602309105;-.622105158452713;-.475754482739685;2.50659591062529;.100281478157537;.849150337809622;-1.09319787556726;.162174819954749;-.488500878631473;-.00507628933088435;-1.20254235820924;-.340592497554981
82;-.905089232419278;1.98805947578869;1.32097597709799;1.79915050900899;1.13507297802686;.0893501864443874;-.606551003858591;1.34713624609227;.62348136178696;.999978533237704;.0493943099898108;.0425314436393091;.107124880674138;1.22655413792995;.597638038061453;-.755383724477754;2.12483610437453;-.082185194199344;.617605867554824;.434490327784222;.663204556324478;.586574286673479;2.36422080848197;1.13981088203761;1.06758096105376;.0513838762391623;.247326596381073;.923707865798628;1.18657931769145;.755926768402617;-.393821147900784;-.3787097580447;-.179427323165367;-.240336817374234;.220584692925954;-.624419578850798
83;.21011470337662;.439201597446558;-1.03194389185976; ;-1.40454674984027;-.689812946120193;.0992255977702036;-.325379358225908; ;-1.50788652604989;-.23190209944369;.744374360279615;.16820381816348; ;-1.37195009467392; ; ; ; ; ; ; ; ; ; ; ; ; ; ; ;.881643254988808;-.10058421235608;.393985988172932;.235827038480986;1.07446092360707;.51088874633247
84;-.622759122091202;-.206155851862663;-.588191460433516;-2.30336136884875;-.32618514231515;.329092688771951;.77979589219797;-.95135011071926;.678964949265786;-.944896410699618;1.13439474637617;.516749630558435;-.809059181665996;-.17328050148041;-.324296832580637;.0954110084294389;.181190467844707;-.516510810300537;-.502244407100389;-1.0402636450713;-1.60853227423648;-.233062761489082;-1.40755329490914;.606377329655004;-.197852346480319;-.011755720763201;-.38536934784959;-.857041184631372;.593035137327561;-1.46812124459307;.380932165815518;.210415199167125;1.18179345805892;.118669779354333;1.07446092360707;.51088874633247
85;-.76392417725524;-.593370321448195;-1.83689016281899;-.113750923775115;-1.09979238249621;.424989689702976;.893224274602598;-.23735222115653;.567997774308135;-.121348886592187;.357480853655074;.68746817784932;-.412046087985271;-1.28771196198186;-.46198840417004;-.117287674797359;-.717484396357255;-.00321690036276281;-.17022849652422;.378988834182131;-1.21269934163874;-1.01412865444399;-.248826454368923;-.262357312796672;-1.06475633313516;-.474779432113865;.156941461490979;-.303030368942039;-.62765006379818;-.482614939433306;-.00877725672347691;-.501353947372201;.373775375913336;.242544437285941;-.348666127528123;1.0785429089241
86;.986522506778828;-.141620106931741;.288993578432309;-.919816307401123;.306766236014811;-1.00147819914603;-1.24931183748481;-.961130903726969;-1.35807533388538;.204347874354254;-.285482367907214;.42190599317461;-.946486791017016;-1.47798074792114;-.545800665137502;-1.16305620066245;-.257697256532995;-.852126059106005;-1.05935585027057;-1.52391951788951;-.988967684083492;-1.09127096485929;-1.07648848332622;-1.29874250028288;-.50188502426448;-1.23245459614223;-.972872724635206;-1.01532998911404;-1.27718897815867;-.256214842302008;.24214408069149;.621245193022912;.507968281139498;.556737970702761;-.0640407173010846;-.340592497554981
87;.167765186827409;-.0770843620008189;-.536592340500233;-.0415659640474126;-.857551731530426;-1.44500182845202;-.54353523585602;-.628583941464876;-1.94461611580439;-1.44274717386061;-.392642904834262;-2.00609112385131;-2.0153681970805;.696519662813408;-2.18013975400302;.573983045689735;-.759283227250369;-.457284589923102;-.507871795415239;-1.08783635387309;.697624811332977;-1.65055271537022;-.810454259732804;-1.79407365606673;-1.83716367669492;.451267990587463;-.520947050184732;-.975757787993372;-1.33318371215526;-2.05409796657996;.896674147600206;.836065853923237;1.41050467694526;1.48781145185919;.789835513380032;.227061665036653
88;-1.28623488136218;-2.46490692444493;-1.90912893072558;-1.29277193266092;.674034319737132;-.31821206751247;.502526512986659;-.931788524703843;-.272182264656938;-1.92663950440961;-.834680119658335;-1.55084166440895;-1.03810519725103;.27521020823359;.651517348683393;-.294536577486358;-2.45213587842151;-1.18774130791147;-1.12688451004877;.957790124603924;.267371623726735;-.801987300801918;-.92277982080558;-.125188685041144;-.469016626666193;.0934769409074045;-1.37960583164063;-1.19340489415704;-.80683321258728;-.396050196412515;.507117262785366;.806694784765365;.256089806700862;.358261239910461;.789835513380032;1.36236999021992
89;-2.09087569579719;-.657906066379117;1.82664735244417;2.31647605372419;1.59611163631658;1.37197257389685;.540335973788201;1.48406734820019;1.38439913292514;.902269504953772;-.727519582731287;.270156173360489;1.98530220847141;2.3545762259985;2.51933345024399;.432183923538536;-.633886734571026;1.61563312328714;1.9006504033407;1.0687931118081;-.059620798854009;.27800504501228;1.74938615839941;1.19315423727587;2.07828418720111;-.201174511770291;-.927680157190159;.844563463557294;1.02979406250099;.0567499978500801;-.662065832806494;.0162485072923116;-.490821281251144;.236866144386977;-1.20254235820924;-1.19207374144243
90;-.665108638640413;-.959072876056754;-.619150932393487;-.859662174294704;.0488971559544563;-1.6727572056632;-1.43835914149253;-.472091253341537;-1.01724758222974;-.442392836667965;-.928445589469502;-2.15784094366543;-.366236884868265;-1.0838525484755;-.887036299076458;-.347711248293057;-1.53256159877299;-1.46413033633951;-.215247603043023;-.390103291446824;-1.17827908663024;-1.47698251693579;-.946427307347217;-.99392332749282;-.210177995579677;-1.63233871049053;1.15117794528202;-.916399486312372;-.941220574179105;.0500911714638654;.100030447990963;.865005359128873;.10898736706223;.468656247586322;-.348666127528123;.227061665036653
91;-1.08860380413253;-1.20645989829196;-1.32089896348615;1.64274976293231;1.16632983621599;1.3479983236641;.061416136968661;.936342939768503;2.69222655206888;2.19575092699821;-.915050522353621;.0994376260696042;-.747980244176654;2.00121990925413;1.50759972856533;-1.67707801846055;-.403993164658896;1.06285506643108;.820191846889435;1.27494151661586;-.834076536545245;.143006001785505;.11770958702645;1.85613593809426;1.6715377669223;.261849199580373;-1.01806529208025;1.02263836860029;.805815126514617;2.01444495539718;-1.44961945872318;-.215455199053685;-.0764142734398028;-.593650315183226;-1.48716776843628;-2.04355498532988
92;.704192396450752;-.873025216148857;-.330195860767097;-.94387796064369;-.419955716882552;-.0065468144866376;.0992255977702036;.447303289383073;-1.12821475718739;-.0748207778855524;.116369645569216;-.033343466267751;.0918551463018023;-2.22546526411114;-.611653155897652;.148585679236138;-.884679719929713;-.131540377847207;-.946808083973563;.236270707776758;1.05903748892222;.355147355427579;.720720493838195;-1.00154380681257;.12466880495288;.303942264248616;-1.46999096653073;.626916357393628;-1.34438265895458;.669362025381827;.133696824929782;.176508697877465;.941892012100142;.698546959947754;.220584692925954;-.0567654162591637
93;-1.76619606891991;-.249179681816611;-.815227588139965;-.61904564186903;-1.45924625167125;.40101543947022;.691573816994371;-.579679976426333;-.906280407272087;-.284197267065408; ; ;2.03111141158842; ; ;.644882606765334;-.383093749212339;-.634963251055408;-.113954613375717;.12526772057258;.422262771264982;.605859864277304;.058590870672358;.735925478090781;-.280023340476038;.703826378596917;.247326596381073;-.698752380148706;-.773236372189324;-.735650342109462;.387616465410405;-.21594370088074;-.369986732872197;-.848728824389195;1.07446092360707;.794715827628287
94;1.38178466123813;.912463726939987;2.07432312812393;-.534829855520044;.306766236014811;-.45007044379263;-1.21150237668327;1.01458928383017;.591776454656203;.930186370177752;1.36211088734615;.782311815233145;1.2065457554823;.42470711147159;.543758727439512;1.17662931483233;-.132300763853652;.362011458631422;-.586655231823143;.640638732591982;-.902917046562244;-.396990171121594;1.33555514392076;1.04836513020059;.47594980428458;.95638476660637;1.33194821506221;1.39857427924663;.346658307742549;.529526671271319;-.114130688020016;-.399112155999036;.0113792009576604;-.458421798345455;-.0640407173010846;-.0567654162591637
95;.859473957131194;.138034787768922;-.268276916847156;-.113750923775115;.12703930142729;-1.61282158008131;-2.68607134794343;.378837738329113;-.525821521702997;1.36289778114945;-.673939314267763;.668499450372555;.16820381816348; ;.627570988406975;-.276811687217458;-1.07277445894873;-.210508671683787;-.265894097876675;-.215670025840257;-.713605644015497;-.396990171121594;.815310440004744;1.71134683101898;.377344611489717;1.22998968694994;1.01560024294688;.508199754031628;2.50805504001106;.589456108747251;-.981966047213954;-1.17740515989942;-1.01230737486763;-1.08911768746718;-1.20254235820924;-.624419578850798
96;.478328308188292;.353153937538661;2.70899230330332; ;.53337845788603;.293131313422816;-.593947850258077;1.24932831601518; ;.706851448385907;-.606963978688358;.308093628314019;.763723458684567; ;.184563323293244; ; ; ; ; ; ; ; ; ; ; ; ; ; ; ;-.297590840577053;-.0828463044196208;.27100346484093;.198876909948809;-.633291537755162;-.340592497554981
98;-.87685622138647;-.0770843620008189;-.541752252493561; ;1.19758669440513;-2.06833233450368;-1.6778190599023;.300591394267443; ;.702198637515243;-1.26332226736653;-.678280200477762;.0613156775571312; ;.651517348683393; ; ; ; ; ; ; ; ; ; ; ; ; ; ; ;-.231364781845305;-.435782191824272;-.303118429986702;.579566447482188;-.633291537755162;-.340592497554981
99;-.749807671738836;-.399763086655429;2.02788392018397; ;.455236312413196;-.438083318676252;-1.5895969846987;.496207254421616; ;.999978533237704;-.794494918310692;-1.30424820721101;-.0761119317938888; ;1.202283635041; ; ; ; ; ;1.14508812644347;-.14627766227187;1.20549396794175;.118666653190905;.0199007876083373;.303942264248616;-.475754482739685;-.184313765580039;1.02979406250099;.136655914484656;-.610133497279026;-1.09681109818876;-.986814264470187;-.678068436199423;-1.20254235820924;-.624419578850798
100;-.76392417725524;1.85898798592684;-.0825200850873343;.223112221620829;-.193343495011332;-1.1812850758917;-.215853242242651;.858096595706836;-.105731502220461;.999978533237704;-.272087300791333;-.678280200477762;-.259348744261916;1.03628535199068;2.19007099644324;-.613584602326555;.327486375970608;.648271523789028;-.091445060116316;.807143213398251;.284581751230984;-.666988257575144;.20047578992218;1.01788321292159;-.255372042277322;-2.05326935717295;.382904298716216;.0729055417042943;.548239350130286;1.20872696266521;-1.02243024620128;-.837111676140217;-1.0670061524273;-.996552127363882;-.633291537755162;-.908246660146614
101;1.64999826604981;.288618192607739;.0929169226858305;-.607014815247746;-.50591207690267;1.0722944459874;.527732820187687;-.843761387634466;.51251418682931;-2.10344631749482;-.459618240413667;-.848998747768647;-.534203962963956;-.744086859298228;-.467974994239144;2.06287382827732;.682776438562081;-.457284589923102;-.811750764417156;-.580394126653988; ; ; ; ; ;.619640249260432;.247326596381073;-.520677475105706;.301862520545274;-1.22840349468935;1.0617702391576;.322481222107032;.935115537264311;.6201844561818;1.07446092360707;1.93002415281155
102;.32304674750785;.0950109578149727;.485070234178787;-.0896892705325477;1.59611163631658;-.737761446585706;.93103373540414;.623357563521828;.639333815352339;1.35824497027879;1.30853061888262;.76334308775638;.870611599290916;-.0509648533765917;1.80094264195145;-.489510370444256;-.383093749212339;-.289476965520368;-.249011932932124;1.1084370358096;-.162881563879507;.798715640315554;1.56020626606631;.553033974416744;.640291792276018;-1.29559419314459;.202134028936026;-.243672067261039;-.538058489403631;1.16211517796171;-.0824381067414601;-.291883690639848;-.761292929236955;.0504540457391626;-.0640407173010846;-.624419578850798
103;.746541912999964;.460713512423532;1.18681826527145;-.775446387945719;.431793668771346;.101337311560766;.830208506600027;-.0515171540100672;-.700198510922164;.181083820000937;-1.45085320698886;-1.26631075225748;-.335697416123593;-.458683680389319;-.653559286381383;1.49567733967253;.724575269455195;-.368445259356949;-.777986434528054;.109410150971982;.52552353629048;.875857950730853;-.426182603431201;.3396605534637;-.0869215045860981; ; ; ; ; ;.239148524973838;-.0104888333814242;-.287594097726566;.0606517343616589;-.633291537755162;.227061665036653
104;1.29708562813971;.202570532699844;1.21777773723142;.620129500123191;-.341813571409717;1.43190819947874;.754589584996942;.271249015244317;1.10698119553101;-1.11007119660817;-.915050522353621;.45984344812814;.85534186491858;1.29450727576541;-.653559286381383;1.03483019268113;.724575269455195;1.01349988278321;.437529441479614;-.342530582645033;.921356468888223;1.16514161478823;-1.99874045845007;.949298899043824;-.600490217059344;.367081861250979;-.159406510624353;1.06221056972096;-.784435318988642;-.835532737902681;1.07783689043846;.24546734920353;.819652252003435;1.49896588504312;.220584692925954;-.624419578850798
105;-.919205737935681;-1.45384692052716;-1.475696323286;.68028363322961;.338023094203944;-1.85256408240887;-1.90467582471155;-.149325084087153;.488735506481242;-1.5962899325925;1.22816021618734;1.2944674571058;-.0608421974215533;.900379076319771;-.120752770231085;-.188187235872959;2.56372382875223;-.536252883759682;.246198238774703;.600994808590491;-.868496791553744;-1.55412482735109;-.20153148128565;-.910098054975553;-1.13049312833173;.893245169604007;1.69348875462259;.0926916422646277;.716223552120067;-1.21508584191692;.476031564956907;.101554263670077;.593805699855952;.216432315188272;1.35908633383411;.794715827628287
106;-.171030945566282;.374665852515636;.35091252235225; ;1.04911661800674;.233195687840925;.225257133775346;2.11003810069354; ;1.79560919212115;-1.1427666633236;-.830030020291882;.137664349418809; ;1.84284877243518; ; ; ; ; ; ; ; ; ; ; ; ; ; ; ;-.569065252905908;-.491179052916016;-.420916800782576;-.0787384323154944;-1.77179317866332;-1.75972790403407
107;-1.0039047710341;.923219684428473;-.402434628673694;.343420487833666;1.75239592726225;-.749748571702084;-1.08547084067813;.388618531336821;.0686454869987048;1.00463134410837;.0092091086421678;1.04787399990786;.0918551463018023;-.458683680389319;1.23820317545563;-1.44665444496485;1.10076474749323;-.101927267658489;.257453015404404;.307629770979445;.250161496222485;.62514544188113;.567011831317555;.210112405027925;1.4948701298315;-.643151690786834;1.24156308017212;.468627552910961;-.179692191825431;1.96783317069368;-.259415474158812;.134740468411176;-.0103151322082929;-.256220566466845;-.917916947982201;.227061665036653
108;-.411011539345145;.675832662193271;3.85068059195643E-005;-.246090016609235;-.115201349538496; ; ; ;.722559196570577; ;-.754309716963049;.118406353546369;.0307762088124601;1.17219162766159;-.0369405092636219;.130860788967239;-.466691410998568;-.634963251055408;-.637301726656796;.791285643797655;.594364046307479;.683002174692604;.720720493838195;-2.52563967076288;-.333434486573256;.0513838762391623;-1.10845042697035;.923707865798628;.145077265354812;-.409367849184945;-.203053392870185;.110782014289631;.797974785532706;-.0811898919473603;-.0640407173010846;.51088874633247
109;1.05710503436085;1.04153521680183;.990741609524969;-.234059189987952;-1.04509288066523;.628770816681405;1.23350942181648;-.657926320488001;.49666173326393;-.544754675822561;1.71038263235905;1.10478018233815;-.289888213006587;.560613387142499;-1.16241944225526;.237210130580638;.933569423920768;-.496768736841392;.0886313659588944;-.580394126653988;.00921971116298954;.50943197625818;.76801546692147;-.262357312796672;-.949716941541151;1.04057089594285;1.28675564761716;.666488558514294;-1.01961320177434;-1.34826236964121;.866913218414257;.437068125318107;.150304499805231;-.133134367684464;1.64371174406115;1.36236999021992
110;.492444813704696;.417689682469583;-.980344771926473;-.582953162005179;-1.25607667344188;1.24011419761669;.351288669780488;-1.47951293313553;.187538888739045;-.861145815027676;-.446223173297786;-2.02505985132808;-.946486791017016;-.0237835982424098;-1.05466082101138;1.28297865644573;1.12166416293978;-.773157765269424;-.620419561712245;-.699325898658466;-.283352456409255;.490146398654354;-1.51396698434651;-2.89142267811095;.0650948343059832;.472314522921585;-.2045990780694;-.936185586872706;.268265680147318;-1.37489767518607;.258490597140515;-.0839357949093508;.623772992563395;-.229270384566308;.789835513380032;1.0785429089241
111;.788891429549175;-.0555724470238443;-.784268116179995;.0185881690590056;-1.52175996804952;1.25210132273307;.565542280989229;-1.13718517786572;-.0581741415243252;-1.01003576288891;1.10760461214441;.402937265697845;-.24407900988958;-.0645554809436825;-1.43181599536497;1.72610091316823;1.33065831740536;-1.94781113608856;-.0464259535975132;-1.73006792269727;.232951368718235;.702287752296428;-1.50214324107569;-2.75425405035543;-2.04259116168422;.535454119923948;.0213637591558366;-1.35169369863971;-1.09800582936957;-1.62793307786222;1.0433553041767;1.04913351303766;1.87251638860567;1.56841719816012;1.07446092360707;1.0785429089241
112;-.721574660706029;-.270691596793585;2.36327819975032;-.81153886780957;1.21321512349969;.496912440401245;.414304437783059;1.35691703909998;.171686435173666;1.36289778114945; ; ; ; ;2.15415145602862;.928480851067732;.0557939751653633;2.11905599649534;-.935553307343863;.799214428597953;.129690603692737;.413004088239054;1.22914145448339;.438726784620471;2.1399124326979;.19870960257801;-.566139617629779;1.29964377644496;1.88091401924921;1.69482128885888;-1.33625303840279;-1.21576829597939;-1.33514616631843;-.958019360652838;-2.05641858889036;-2.04355498532988
113;.0266001316633713;.460713512423532;.851423985705103; ;.744362250662684;-1.27718207682272;1.34693780422111;1.59165607128498; ;-.884409869380992;-.982025857933025;.95303036252403;1.86314433349273; ;-.881049709007353;-.188187235872959;.139391636951593;1.30963098467039;.0379848711252415;.323487340580042;2.34979705174095;1.04942814916528;.92172412944211;1.53226556700482;-1.91933467069064;-.0328022530973221;1.6031036197325;.231194346186961;2.1720866360315;2.08769204564554;.438656031129699;-.139203854983464;.142556653943751;-.121835396442864;-.348666127528123;-.0567654162591637
114;-.905089232419278;1.25665436657157;.696626625905251;-.0896892705325477;-1.0138360224761;-.45007044379263;1.13268419301237;.818973423676;-.858723046575951;-.986771708535589;1.71038263235905;.971999090000795;.519407708727198;-.879993134969137;-.74335813741795;.432183923538536;1.47695422553126;.746981891084753;-.215247603043023;-.67553954425757;-.713605644015497;1.35799739082648;.708896750567377;-.955820930894062;-.682661211055063;1.06161742827698;1.15117794528202;.963280066919294;-1.94912578611779;-.748967994881891;.280971723160504;-.406943333733031;.584153104656524;.245591968177174;1.64371174406115;1.0785429089241
115;1.46648369433656;.460713512423532;-.340515684753754;-.414521589307208;2.00245079277532;1.65966357668993;.754589584996942;.711384700591206;-.731903418052921;.706851448385907;1.38890102157791;.668499450372555;1.48140097418434;2.51766375680359;1.75304992139862;.733507058109834;.30658696052405;.682820152342531;-.51912657204494;2.36118503425676;-.0252005438455101;-.319847860706294;.590659317859192;.812130271288296;.171917126500418;.682779846262796;.518482001051358;2.13065999997896;2.39606557201788;.196585351960587;-1.12591912413804;-.534136524433759;-.787177475336684;-.872077743707361;-1.48716776843628;-2.3273820666257
116;-.608642616574798;.148790745257408;1.13521914533816;2.65333919912014;.142667730521858;-1.0134653242624;.263066594576888;-.3155985652182;.829563258136884;-.0515567235322357;-.446223173297786;.402937265697845;-.625822369197969;.519841504441226;.262388994191602;1.08800486348783;.473782284096508;.6581425605186;-.603537396767694;-.342530582645033;-.421033476443252;.528717553862004;-.449830089972839;-.955820930894062;.036334986407481;.788012507933401;.111748894045931;-.481105273985039;.503443562933011;1.202068136279;-.118880178779706;.599385172651476;1.33235130881132;-.0593634483371635;-.348666127528123;-.340592497554981
118;-1.64620577203048;-.356739256701481;-.856506884086592;-.594983988626463;-.740338513321174;.185247187375413;.426907591383573;-.804638215603631;-1.85742762119481;-1.14031446726748;-.486408374645429;-1.01971729505953;-.732710509804318;.737291545514681;-.23449798154407;.219485240311738;-1.82515341502479;-.615221177596263;-2.09479530020303;-.976833366668914;.972986851400972;.895143528334679;-.780894901555757;-1.66452550763096;-.637467164357417;-.011755720763201;.247326596381073;-.678966279588372;-1.80353947772665;-2.06741561935239;.573984427183328;-.35411535504418;-.541988973219545;.644724856070074;.220584692925954;1.64619707151574
119;-1.83677859650193;-.657906066379117;1.98144471224402;2.28038357386034;.822504396135519;-1.99640958380541;.615954895391286;.936342939768503;.464956826133173;.976714478884387;-.392642904834262;.270156173360489;1.22181548985463;.492660249307044;.950846852138617;-.294536577486358;-1.01007621260906;.727239817625608;1.55175232781998;1.35422936461885;-.421033476443252;-.0305641966489199;.247770763005455;.232973842987179;.319824915692713;-1.67443177515877;-1.10845042697035;-.896613385752039;.458647775735736;.842491511423407;-1.13833944233062;-.505563968362429;-.611223573947259;-.573265935995669;-.917916947982201;-1.47590082273825
120;-.283962989697511;1.17060670666367;-.433394100633665;.511852060531638;-.607496866017355;-.390134818210739;1.22090626821597;1.13195879992268;.726522309961922;-.633158082365166;1.83093823640198;1.25653000215227;.0918551463018023;.968332214155226;-.988808330251234;1.85017514505052;1.22616124017257;-.763286728539852;.313726898552907;-.445604785048913;.972986851400972;1.57013874446855;-.248826454368923;.713064040131526;-.210177995579677;-1.33768725781283;2.73291780585868;-1.35169369863971;-2.52027207288305;-.642426772702457;.903338387972434;.929330462632653;.026061600857678;.696760865588878;.220584692925954;1.0785429089241
121;1.42413417778734;.406933724981097;.35091252235225;.25920470148468;.0176402977653215;-.282250692163336;.981446349806197;-.0123939819792324;-.811165685879815;.0833747917170046;.879888471174432;.782311815233145;.962230005524929;.248028953099408;-.372189553133473;-.613584602326555;.536480530436179;-.29934800224994;-.69920299812015;-.398032076247122;.577153918803229;.953000261146154;-.497125063056113;-.269977792116423;-.415605480568975;-.432686367445623;.6540597033865;1.43814648036729;.503443562933011;-.782262126812964;.570628680642212;.324496964474326;-.18888871280889;.0123730222784761;-.348666127528123;-.0567654162591637
122;-1.07448729861612;.21332649018833;-1.01130424388644;-.594983988626463;-1.0607213097598;-1.04942669961154;-.656963618260648;-1.05893883380405;.0369405798679472;-.2469747801001;-.151531696748404;.76334308775638;.901151068035587;-1.17898694144514;-.240484571613174;.308109691656237;-.0696025175139802;-.447413553193529;-.316540592710328;-.548678987452795;.491103281281981;.0658636913702044;.0349433841307212;.293937677545191;.517035301282439;-.643151690786834;.518482001051358;-.857041184631372;.749820392518023;-.735650342109462;.0934015668602637;-.232714479092415;1.01204096599738;-.106367257833173;.789835513380032;1.0785429089241
123;.788891429549175;.353153937538661;.835944249725118;-.871693000915988;-.396513073240701;-.486031819141765;.994049503406712;.82875421668371;.845415711702263;1.7769979486385;.250320316728026;.57365581298873;.901151068035587;.533432132008317;.178576733224139;.609432826227535;.369285206863722;.431108715738431;-.839887705991407;-.191883671439362;3.36519457449168;1.39656854603413;.909900386171292;.827371229927799;.816959429366815;.809059040267522;.111748894045931;1.35900207812596;.60423408412688;.942373907216627;-.632866504778533;-1.18963727052759;-.196529492017377;-.61115863940785;-.633291537755162;-.624419578850798
124;-.227496967631897;-.657906066379117;-1.20738089963292;-.474675722413626;-1.17793452796905;.185247187375413;.452113898584601;-1.26433548696594;-1.05687871614319;-1.08448073681952;.290505518075669;.156343808499899;-1.19080254097438;-1.27412133441477;-1.58746733716168;.0954110084294389;-.132300763853652;-1.1778702711819;-.969317637232965;-.67553954425757;-.214511946392256;.413004088239054;-1.54943821415896;-1.23777866572487;-1.28250946722381;-1.27454766081047;-.927680157190159;-1.60891300592404;-.98601636137638;-.808897432357823;.675251895974238;1.44261948964546;1.14239284603749;-.0992794350127413;.220584692925954;.51088874633247
125;.153648681311005;-.528834576517273;.330272874378936;.0185881690590056;-.208971924105898;.628770816681405;.515129666587172;1.73836796640061;.0765717137813944;1.23261907677088;1.13439474637617;.327062355790784;.702644521195225;1.34886978603377;-.012994148987204;.166310569505038;-.362194333765782;-.87186813256515;-.451597912266736;.680282656593475;2.04001475666445;.39371851063523;-.532596292868568;.172010008429166;.208894073798492;.0513838762391623;-.746909887409969;-1.11426049191571;-.146095351427475;.176608872801944;-.923792318057526;-.414360551749625;.0169222373039217;-.895788871374449;-2.05641858889036;-1.75972790403407
127;1.04298852884444;.50373734237748;-.381794980700381; ;.611520603358866;-.64186444565468;-.505725775054477;.505988047429324; ;.00427700691572569;-1.82591508623353;-.564467835617172;-.167730338027902; ;-.240484571613174; ; ; ; ; ; ; ; ; ; ; ; ; ; ; ;.187317981540433;-.191448302434809;.459591670816444;.300556181645618;-.917916947982201;-.908246660146614
128;1.90409536534507;1.12758287670973;-.381794980700381;.247173874863396;-.91225123336141;2.1151743311123;1.28392203621854;-.38406411627216;-.478264161006861;-.572671541046542;-.807889985426573;-.393749288326287;-.183000072400238;-.390730542553864;-1.22228534294631;1.92107470612612;1.10076474749323;-.358574222627376;.0548670360697925;-.794471316262048;1.43766029401571;1.66656663248768;-.0832940485774644;-.384284981912696;.808742329967243;1.16685008994758;1.6031036197325;.0729055417042943;-.224487979022706;-.162991272895003;.892939963197112;.453009958328376;-.00215840839503184;-.0747779803178355;1.07446092360707;1.0785429089241
129;.0689496482125826;-.464298831586351;1.09909976138487;.81262272606373;1.54922634903288;-.629877320538302;.830208506600027;-.589460769434041;.100350394129463;1.83283167908646;1.28174048465086;.592624540465495;3.06945334890724;1.0091040968565;1.21425681517921;.627157716496435;.181190467844707;2.74093131045841;.347491228442008;.727855365395266;-.059620798854009;-1.27448395209563;1.40649760354567;1.28459998911289;1.44145898373428;.661733313928675;.337711731271168;1.12156887140196;.873008807310529;1.43512705979651;-.293660726172388;-.10970179496913;-.122842492734098;-.659433443556082;-.633291537755162;-.340592497554981
130;1.59353224398419;.374665852515636;-.443713924620322;-.510768202277477;-.474655218713537;.365054064121085;.704176970594885;-.73617266454967;-.969690221533602;-.0375982909202453;-.995420925048906;.72540563280285;-.488394759846949;-1.05667129334132;-1.06663400114959;1.72610091316823;.557379945882737;-.506639773570964;-.721712551379551;-1.25434083467936;2.31537679673245;.914429105938504;-.970074793888854;-.940579972254559;.340367664191643;.535454119923948;.202134028936026;-.876827285191706;-.269283766219981;-.549203203295452;.86718023066943;.698235929168253;.264058132658224;.237775731202605;1.07446092360707;.794715827628287
131;-.213380462115493;-.206155851862663;.536669354112072;.884807685791432;-.0917587058966461;-.977503948913269;.741986431396427;.858096595706836;.433251919002415;.702198637515243;-.245297166559571;.68746817784932;.672105052450554;.451888366605772;-.180618670922129;.591707935958635;1.28885948651224;.500205972845439;.611978479239974;.0935525813713849;-1.56550695547586;1.31942623561883;1.13455150831684;.499690619178482;1.24835714784434;.430221458253342;.247326596381073;.626916357393628;.525841456531649;.442961928250529;.0350140040791213;.412980153157855;-.497868287250932;-.0647480217517284;1.07446092360707;1.64619707151574
132;-.298079495213916;1.42874968638736;.412831466272191;2.4608459731796;.494307385149614;-.246289316814201;-1.42575598789201;.554892012467868;.346063424392833;.599836798360647;1.41569115580967;.630561995419025;.809532661801574;.302391463367772;.68743688909802;.254935020849538;.745474684901753;-.0328300105514806;.865210953408238;1.76652617423437;1.86791348162196;.953000261146154;.697073007296559;.423485825980967;.155482927701274;.472314522921585;.156941461490979;1.31942987700529;.380255148140505;.176608872801944;-.374661287582627;-.636612447597931;.465106218791089;-.409062779622171;.505210103152993;-.0567654162591637
133;-.721574660706029;-.819245428706423;.0929169226858305;-.739353908081868;-2.1468971318322;-.569941694956411;-2.06851682151824;.642919149537246;-.280108491439627;.195042252612927;.0895795113374537;.72540563280285;.44305903686552;-.159689873913319;-.270417521958696;1.07027997321893;.703675854008639;.194203834228689;-.51912657204494;-1.69835278349608;.336212133743733;1.0687137267691;1.1700227381293;-.99392332749282;.184242775599776;.76696597559928;.428096866161263;.527985854591961;.0218888505623059;.216561831119231;-.00241103470988335;-.498707251424555;-.146561302312631;.341587256669725;.789835513380032;.51088874633247
134;.774774924032771;.342397980050175;.908183017631715;-.703261428218017;.580263745169731;-.809684197283975;-.266265856644708;.652699942544954;.464956826133173;.30670971350885;-.419433039066024;-1.7974351216069;.946960271152594;-.32277740471841;.244429223984289;.166310569505038;1.24706065561913;.934531588946632;1.15783514578045;.910217415802133;2.98657176939818;1.26156950280735;.697073007296559;.674961643532768;.389670260589074;.745919443265159;.699252270831547;1.57664918428963;.24586778654868;.0167970395327923;-.270434476670279;-.168928644888984;-.297631674607279;-.13121809822002;.220584692925954;-.0567654162591637
